{
  "TF-IDF + LR": {
    "acc": 0.6877984084880636,
    "f1": 0.6736061560935084
  },
  "TF-IDF + LinearSVC(word)": {
    "acc": 0.7689655172413793,
    "f1": 0.7627845787095312
  },
  "TF-IDF + LinearSVC(char)": {
    "acc": 0.776657824933687,
    "f1": 0.7694352091817117
  },
  "Word2Vec + LSTM": {
    "acc": 0.6907161803713527,
    "f1": 0.6853660848528087
  },
  "Word2Vec + GRU": {
    "acc": 0.6891246684350133,
    "f1": 0.679084774075312
  },
  "FastText + LSTM": {
    "acc": 0.7013262599469496,
    "f1": 0.6902556762202793
  },
  "FastText + GRU": {
    "acc": 0.6917771883289124,
    "f1": 0.6892592747769963
  },
  "GloVe + LSTM": {
    "acc": 0.6843501326259946,
    "f1": 0.6804588901671166
  },
  "GloVe + GRU": {
    "acc": 0.689920424403183,
    "f1": 0.6825553607214022
  }
}